,RouteNumber,Source,Target,SourceLong,SourceLat,TargetLong,TargetLat,TotalStations
7309,623 - Cluster,Shahadra Terminal,Shahdara (Shyam Lal College),77.28699999999999,28.674,77.282,28.673,58.0
7310,623 - Cluster,Shahdara (Shyam Lal College),Kanti Nagar Extension,77.282,28.673000000000002,77.28,28.67,
7311,623 - Cluster,Kanti Nagar Extension,Jharkhandi,77.28,28.67,77.282,28.667,
7312,623 - Cluster,Jharkhandi,East Azad Nagar,77.282,28.666999999999998,77.285,28.663,
7313,623 - Cluster,East Azad Nagar,Swarn Cinema,77.285,28.663,77.286,28.662,
7314,623 - Cluster,Swarn Cinema,Krishna Nagar A Block,77.286,28.662,77.287,28.661,
7315,623 - Cluster,Krishna Nagar A Block,Hans Apartment,77.28699999999999,28.660999999999998,77.29,28.658,
7316,623 - Cluster,Hans Apartment,Arjun Nagar,77.29,28.658,77.291,28.656,
7317,623 - Cluster,Arjun Nagar,Radheypuri,77.291,28.656,77.292,28.654,
7318,623 - Cluster,Radheypuri,Jagat Puri A-Block,77.292,28.654,77.292,28.651,
7319,623 - Cluster,Jagat Puri A-Block,Jagatpuri F-Block,77.292,28.651,77.295,28.648,
7320,623 - Cluster,Jagatpuri F-Block,Karkardooma Xing,77.295,28.648000000000003,77.297,28.645,
7321,623 - Cluster,Karkardooma Xing,New Rajdhani Enclave,77.297,28.645,77.296,28.642,
7322,623 - Cluster,New Rajdhani Enclave,Preet Vihar,77.296,28.642,77.292,28.639,
7323,623 - Cluster,Preet Vihar,Nirman Vihar,77.292,28.639,77.287,28.636,
7324,623 - Cluster,Nirman Vihar,Shakarpur Crossing,77.28699999999999,28.636,77.285,28.635,
7325,623 - Cluster,Shakarpur Crossing,Shakar Pur,77.285,28.635,77.282,28.633,
7326,623 - Cluster,Shakar Pur,Laxmi Nagar,77.282,28.633000000000003,77.278,28.631,
7327,623 - Cluster,Laxmi Nagar,Rainy Well,77.278,28.631,77.26,28.628,
7328,623 - Cluster,Rainy Well,Delhi Secretariat,77.26,28.628,77.2523542868,28.627928933,
7329,623 - Cluster,Delhi Secretariat,ITO,77.2523542868,28.627928933000003,77.243,28.627,
7330,623 - Cluster,ITO,Tilak Bridge,77.243,28.627,77.239,28.623,
7331,623 - Cluster,Tilak Bridge,Supreme Court,77.23899999999999,28.623,77.24,28.623,
7332,623 - Cluster,Supreme Court,Patiala House,77.24,28.623,77.233,28.616,
7333,623 - Cluster,Patiala House,National Stadium,77.233,28.616,77.239,28.611,
7334,623 - Cluster,National Stadium,Shaha Jahan Road,77.23899999999999,28.611,77.227,28.608,
7335,623 - Cluster,Shaha Jahan Road,Humayun Road,77.227,28.608,77.227,28.603,
7336,623 - Cluster,Humayun Road,Sujan Singh Park,77.227,28.603,77.229,28.6,
7337,623 - Cluster,Sujan Singh Park,Sujan Singh Park,77.229,28.6,77.228,28.599,
7338,623 - Cluster,Sujan Singh Park,Bharti Nagar,77.22800000000001,28.599,77.2286704968,28.5972267648,
7339,623 - Cluster,Bharti Nagar,Dayal Singh College,77.2286704968,28.5972267648,77.229,28.592,
7340,623 - Cluster,Dayal Singh College,Pragati Vihar,77.229,28.592,77.229,28.587,
7341,623 - Cluster,Pragati Vihar,J L Nehru Stadium,77.229,28.587,77.23,28.584,
7342,623 - Cluster,J L Nehru Stadium,Sewa Nagar Flyover,77.23,28.584,77.229,28.578,
7343,623 - Cluster,Sewa Nagar Flyover,Defence Colony,77.229,28.578000000000003,77.2381855543,28.5737263681,
7344,623 - Cluster,Defence Colony,PT College Kotla,77.2381855543,28.5737263681,77.226,28.569,
7345,623 - Cluster,PT College Kotla,South Extn Kotla Petrol Pump,77.226,28.569000000000003,77.218,28.568,
7346,623 - Cluster,South Extn Kotla Petrol Pump,South Extension,77.218,28.568,77.216,28.568,
7347,623 - Cluster,South Extension,A.I.I.M.S.,77.21600000000001,28.568,77.2077729735,28.5663565231,
7348,623 - Cluster,A.I.I.M.S.,Safdarjung Hospital,77.2077729735,28.566356523099998,77.204,28.569,
7349,623 - Cluster,Safdarjung Hospital,Narouji Nagar,77.204,28.569000000000003,77.195,28.569,
7350,623 - Cluster,Narouji Nagar,Africa Avenue,77.195,28.569000000000003,77.191,28.569,
7351,623 - Cluster,Africa Avenue,Bhikaji Cama Place,77.191,28.569000000000003,77.189,28.568,
7352,623 - Cluster,Bhikaji Cama Place,Shahbad Mohd. Pur Village,77.189,28.568,77.189,28.564,
7353,623 - Cluster,Shahbad Mohd. Pur Village,R K Puram Sec-2,77.189,28.564,77.188,28.561,
7354,623 - Cluster,R K Puram Sec-2,R K Puram Sec-3,77.188,28.561,77.184,28.556,
7355,623 - Cluster,R K Puram Sec-3,R K Puram Sec-3,77.184,28.555999999999997,77.182,28.558,
7356,623 - Cluster,R K Puram Sec-3,R K Puram Sec-4,77.182,28.558000000000003,77.18,28.561,
7357,623 - Cluster,R K Puram Sec-4,RK Puram Sec 1-4,77.18,28.561,77.178,28.562,
7358,623 - Cluster,RK Puram Sec 1-4,R K Puram Nab,77.178,28.561999999999998,77.176,28.561,
7359,623 - Cluster,R K Puram Nab,Munirka,77.176,28.561,77.173,28.558,
7360,623 - Cluster,Munirka,Vasant Vihar Depot,77.173,28.558000000000003,77.17,28.559,
7361,623 - Cluster,Vasant Vihar Depot,Vasant Lok,77.17,28.559,77.164,28.56,
7362,623 - Cluster,Vasant Lok,Vasant Vihar F Block Poorvi Marg,77.164,28.56,77.161,28.56,
7363,623 - Cluster,Vasant Vihar F Block Poorvi Marg,Modern School,77.161,28.56,77.157,28.559,
7364,623 - Cluster,Modern School,C.P.W.D. Colony Vasant Vihar,77.157,28.559,77.1644161642,28.5551670877,
7365,623 - Cluster,C.P.W.D. Colony Vasant Vihar,C.P.W.D. Colony Vasant Vihar,77.1644161642,28.5551670877,77.1644161642,28.5551670877,
7409,623EXT - Cluster,Dilshad Garden Depot (New Seemapuri),Sayeed Nagar Mor,77.331,28.684,77.331,28.682,69.0
7410,623EXT - Cluster,Sayeed Nagar Mor,Noida Sector 35/51,77.331,28.682,77.366,28.582,
7411,623EXT - Cluster,Noida Sector 35/51,J and K Pocket Dilshad Garden,77.366,28.581999999999997,77.324,28.679,
7412,623EXT - Cluster,J and K Pocket Dilshad Garden,Shahadara Border Road No 62,77.324,28.679000000000002,77.323,28.677,
7413,623EXT - Cluster,Shahadara Border Road No 62,Mahamaya Flyover West,77.32300000000001,28.677,77.322,28.554,
7414,623EXT - Cluster,Mahamaya Flyover West,Jhilmil Colony,77.322,28.554000000000002,77.3073942545,28.6695963056,
7415,623EXT - Cluster,Jhilmil Colony,Dilshad Garden G.T. Road,77.3073942545,28.6695963056,77.3117930286,28.6758842708,
7416,623EXT - Cluster,Dilshad Garden G.T. Road,Telephone Exchange,77.3117930286,28.675884270799997,77.309,28.675,
7417,623EXT - Cluster,Telephone Exchange,Mansarovar Park Metro Station,77.309,28.675,77.3,28.675,
7418,623EXT - Cluster,Mansarovar Park Metro Station,Shahdara Railway Bridge,77.3,28.675,77.289,28.674,
7419,623EXT - Cluster,Shahdara Railway Bridge,Shahadra Terminal,77.289,28.674,77.287,28.674,
7420,623EXT - Cluster,Shahadra Terminal,Shahdara (Shyam Lal College),77.28699999999999,28.674,77.282,28.673,
7421,623EXT - Cluster,Shahdara (Shyam Lal College),Kanti Nagar Extension,77.282,28.673000000000002,77.28,28.67,
7422,623EXT - Cluster,Kanti Nagar Extension,Jharkhandi,77.28,28.67,77.282,28.667,
7423,623EXT - Cluster,Jharkhandi,East Azad Nagar,77.282,28.666999999999998,77.285,28.663,
7424,623EXT - Cluster,East Azad Nagar,Swarn Cinema,77.285,28.663,77.286,28.662,
7425,623EXT - Cluster,Swarn Cinema,Krishna Nagar A Block,77.286,28.662,77.287,28.661,
7426,623EXT - Cluster,Krishna Nagar A Block,Hans Apartment,77.28699999999999,28.660999999999998,77.29,28.658,
7427,623EXT - Cluster,Hans Apartment,Arjun Nagar,77.29,28.658,77.291,28.656,
7428,623EXT - Cluster,Arjun Nagar,Radheypuri,77.291,28.656,77.292,28.654,
7429,623EXT - Cluster,Radheypuri,Jagat Puri A-Block,77.292,28.654,77.292,28.651,
7430,623EXT - Cluster,Jagat Puri A-Block,Jagatpuri F-Block,77.292,28.651,77.295,28.648,
7431,623EXT - Cluster,Jagatpuri F-Block,Karkardooma Xing,77.295,28.648000000000003,77.297,28.645,
7432,623EXT - Cluster,Karkardooma Xing,New Rajdhani Enclave,77.297,28.645,77.296,28.642,
7433,623EXT - Cluster,New Rajdhani Enclave,Preet Vihar,77.296,28.642,77.292,28.639,
7434,623EXT - Cluster,Preet Vihar,Nirman Vihar,77.292,28.639,77.287,28.636,
7435,623EXT - Cluster,Nirman Vihar,Shakarpur Crossing,77.28699999999999,28.636,77.285,28.635,
7436,623EXT - Cluster,Shakarpur Crossing,Shakar Pur,77.285,28.635,77.282,28.633,
7437,623EXT - Cluster,Shakar Pur,Laxmi Nagar,77.282,28.633000000000003,77.278,28.631,
7438,623EXT - Cluster,Laxmi Nagar,Rainy Well,77.278,28.631,77.26,28.628,
7439,623EXT - Cluster,Rainy Well,Delhi Secretariat,77.26,28.628,77.2523542868,28.627928933,
7440,623EXT - Cluster,Delhi Secretariat,ITO,77.2523542868,28.627928933000003,77.243,28.627,
7441,623EXT - Cluster,ITO,Tilak Bridge,77.243,28.627,77.239,28.623,
7442,623EXT - Cluster,Tilak Bridge,Supreme Court,77.23899999999999,28.623,77.24,28.623,
7443,623EXT - Cluster,Supreme Court,Patiala House,77.24,28.623,77.233,28.616,
7444,623EXT - Cluster,Patiala House,National Stadium,77.233,28.616,77.239,28.611,
7445,623EXT - Cluster,National Stadium,Shaha Jahan Road,77.23899999999999,28.611,77.227,28.608,
7446,623EXT - Cluster,Shaha Jahan Road,Humayun Road,77.227,28.608,77.227,28.603,
7447,623EXT - Cluster,Humayun Road,Sujan Singh Park,77.227,28.603,77.229,28.6,
7448,623EXT - Cluster,Sujan Singh Park,Sujan Singh Park,77.229,28.6,77.228,28.599,
7449,623EXT - Cluster,Sujan Singh Park,Bharti Nagar,77.22800000000001,28.599,77.2286704968,28.5972267648,
7450,623EXT - Cluster,Bharti Nagar,Dayal Singh College,77.2286704968,28.5972267648,77.229,28.592,
7451,623EXT - Cluster,Dayal Singh College,Pragati Vihar,77.229,28.592,77.229,28.587,
7452,623EXT - Cluster,Pragati Vihar,J L Nehru Stadium,77.229,28.587,77.23,28.584,
7453,623EXT - Cluster,J L Nehru Stadium,Sewa Nagar Flyover,77.23,28.584,77.229,28.578,
7454,623EXT - Cluster,Sewa Nagar Flyover,Defence Colony,77.229,28.578000000000003,77.2381855543,28.5737263681,
7455,623EXT - Cluster,Defence Colony,PT College Kotla,77.2381855543,28.5737263681,77.226,28.569,
7456,623EXT - Cluster,PT College Kotla,South Extn Kotla Petrol Pump,77.226,28.569000000000003,77.218,28.568,
7457,623EXT - Cluster,South Extn Kotla Petrol Pump,South Extension,77.218,28.568,77.216,28.568,
7458,623EXT - Cluster,South Extension,A.I.I.M.S.,77.21600000000001,28.568,77.2077729735,28.5663565231,
7459,623EXT - Cluster,A.I.I.M.S.,Safdarjung Hospital,77.2077729735,28.566356523099998,77.204,28.569,
7460,623EXT - Cluster,Safdarjung Hospital,Narouji Nagar,77.204,28.569000000000003,77.195,28.569,
7461,623EXT - Cluster,Narouji Nagar,Africa Avenue,77.195,28.569000000000003,77.191,28.569,
7462,623EXT - Cluster,Africa Avenue,Bhikaji Cama Place,77.191,28.569000000000003,77.189,28.568,
7463,623EXT - Cluster,Bhikaji Cama Place,Shahbad Mohd. Pur Village,77.189,28.568,77.189,28.564,
7464,623EXT - Cluster,Shahbad Mohd. Pur Village,R K Puram Sec-2,77.189,28.564,77.188,28.561,
7465,623EXT - Cluster,R K Puram Sec-2,R K Puram Sec-3,77.188,28.561,77.184,28.556,
7466,623EXT - Cluster,R K Puram Sec-3,R K Puram Sec-3,77.184,28.555999999999997,77.182,28.558,
7467,623EXT - Cluster,R K Puram Sec-3,R K Puram Sec-4,77.182,28.558000000000003,77.18,28.561,
7468,623EXT - Cluster,R K Puram Sec-4,RK Puram Sec 1-4,77.18,28.561,77.178,28.562,
7469,623EXT - Cluster,RK Puram Sec 1-4,R K Puram Nab,77.178,28.561999999999998,77.176,28.561,
7470,623EXT - Cluster,R K Puram Nab,Munirka,77.176,28.561,77.173,28.558,
7471,623EXT - Cluster,Munirka,Vasant Vihar Depot,77.173,28.558000000000003,77.17,28.559,
7472,623EXT - Cluster,Vasant Vihar Depot,Vasant Lok,77.17,28.559,77.164,28.56,
7473,623EXT - Cluster,Vasant Lok,Vasant Vihar F Block Poorvi Marg,77.164,28.56,77.161,28.56,
7474,623EXT - Cluster,Vasant Vihar F Block Poorvi Marg,Modern School,77.161,28.56,77.157,28.559,
7475,623EXT - Cluster,Modern School,C.P.W.D. Colony Vasant Vihar,77.157,28.559,77.1644161642,28.5551670877,
7476,623EXT - Cluster,C.P.W.D. Colony Vasant Vihar,C.P.W.D. Colony Vasant Vihar,77.1644161642,28.5551670877,77.1644161642,28.5551670877,
9045,764 - Cluster,Sai Baba Mandir (Nazafgarh),Nangli Sakrawati,76.999,28.613000000000003,77.003,28.614,55.0
9046,764 - Cluster,Nangli Sakrawati,Nangli Sakrawati Crossing,77.003,28.614,77.007,28.616,
9047,764 - Cluster,Nangli Sakrawati Crossing,Arjun Park,77.007,28.616,77.012,28.618,
9048,764 - Cluster,Arjun Park,Nangli Dairy,77.012,28.618000000000002,77.017,28.62,
9049,764 - Cluster,Nangli Dairy,Kakrola Bridge,77.017,28.62,77.025,28.619,
9050,764 - Cluster,Kakrola Bridge,Kakrola More,77.025,28.619,77.029,28.619,
9051,764 - Cluster,Kakrola More,Kakrola Xing,77.029,28.619,77.031,28.619,
9052,764 - Cluster,Kakrola Xing,Suraj Vihar,77.031,28.619,77.033,28.613,
9053,764 - Cluster,Suraj Vihar,Netaji Subhash Institute Of Technology,77.033,28.613000000000003,77.035,28.607,
9054,764 - Cluster,Netaji Subhash Institute Of Technology,Dwarka Sec 13,77.035,28.607,77.036,28.605,
9055,764 - Cluster,Dwarka Sec 13,MRV School Sec 13 Dwarka,77.036,28.605,77.039,28.604,
9056,764 - Cluster,MRV School Sec 13 Dwarka,Dwarka Sec 13-3 Xing,77.039,28.604,77.041,28.602,
9057,764 - Cluster,Dwarka Sec 13-3 Xing,Dwarka Sec 3/4,77.041,28.601999999999997,77.042,28.602,
9058,764 - Cluster,Dwarka Sec 3/4,DPS Matiala,77.042,28.601999999999997,77.0466095,28.6048105,
9059,764 - Cluster,DPS Matiala,Matiyala Xing,77.0466095,28.6048105,77.052,28.605,
9060,764 - Cluster,Matiyala Xing,Raja Puri,77.05199999999999,28.605,77.054,28.604,
9061,764 - Cluster,Raja Puri,Madhu Vihar,77.054,28.604,77.061,28.6,
9062,764 - Cluster,Madhu Vihar,Dwarka Sector 2-6 X-ing,77.061,28.6,77.0643999863,28.5976205167,
9063,764 - Cluster,Dwarka Sector 2-6 X-ing,J M International School,77.0643999863,28.5976205167,77.069,28.595,
9064,764 - Cluster,J M International School,Dwarka Crossing/ Dwarka Sec 1,77.069,28.595,77.073,28.594,
9065,764 - Cluster,Dwarka Crossing/ Dwarka Sec 1,Health Centre,77.07300000000001,28.594,77.081,28.592,
9066,764 - Cluster,Health Centre,Palam Village / Mangla Puri,77.081,28.592,77.086,28.589,
9067,764 - Cluster,Palam Village / Mangla Puri,Dwarka Sec 1 Road No. 201,77.086,28.589000000000002,77.08,28.592,
9068,764 - Cluster,Dwarka Sec 1 Road No. 201,Palam Colony,77.08,28.592,77.123,28.564,
9069,764 - Cluster,Palam Colony,Prahladpur,77.123,28.564,77.294,28.5,
9070,764 - Cluster,Prahladpur,Indian Oil Station,77.294,28.5,77.108,28.577,
9071,764 - Cluster,Indian Oil Station,IOL,77.108,28.576999999999998,77.116,28.575,
9072,764 - Cluster,IOL,Radisson Hotel,77.116,28.575,77.119,28.543,
9073,764 - Cluster,Radisson Hotel,NHW 8,77.119,28.543000000000003,77.132,28.569,
9074,764 - Cluster,NHW 8,APS Colony,77.132,28.569000000000003,77.141397,28.5749009079,
9075,764 - Cluster,APS Colony,Arjun Path,77.141397,28.5749009079,77.147,28.575,
9076,764 - Cluster,Arjun Path,Subroto Park (Arjun Path),77.14699999999999,28.575,77.151,28.574,
9077,764 - Cluster,Subroto Park (Arjun Path),Vasant Village,77.15100000000001,28.574,77.16,28.574,
9078,764 - Cluster,Vasant Village,S.M. Temple,77.16,28.574,77.162,28.571,
9079,764 - Cluster,S.M. Temple,R K Puram Sec-5,77.16199999999999,28.570999999999998,77.167,28.563,
9080,764 - Cluster,R K Puram Sec-5,R K Puram Sec-5,77.167,28.563000000000002,77.169,28.561,
9081,764 - Cluster,R K Puram Sec-5,Vasant Vihar Depot,77.169,28.561,77.17,28.559,
9082,764 - Cluster,Vasant Vihar Depot,Munirka Family Planning,77.17,28.559,77.173,28.557,
9083,764 - Cluster,Munirka Family Planning,Munirka DDA Flat,77.173,28.557,77.178,28.554,
9084,764 - Cluster,Munirka DDA Flat,ISTM,77.178,28.554000000000002,77.181,28.552,
9085,764 - Cluster,ISTM,I.I.T. Hostel,77.181,28.552,77.184,28.551,
9086,764 - Cluster,I.I.T. Hostel,Jia Sarai,77.184,28.551,77.189,28.548,
9087,764 - Cluster,Jia Sarai,I.I.T. Gate,77.189,28.548000000000002,77.2,28.542,
9088,764 - Cluster,I.I.T. Gate,Hauz Khas Terminal,77.2,28.541999999999998,77.2021504,28.5431394,
9089,764 - Cluster,Hauz Khas Terminal,Panchsheel Club,77.20215040000001,28.543139399999998,77.205,28.543,
9090,764 - Cluster,Panchsheel Club,Sadhna Enclave,77.205,28.543000000000003,77.216,28.543,
9091,764 - Cluster,Sadhna Enclave,North Point (Nursing Home),77.21600000000001,28.543000000000003,77.218,28.542,
9092,764 - Cluster,North Point (Nursing Home),Swami Nagar,77.218,28.541999999999998,77.224,28.542,
9093,764 - Cluster,Swami Nagar,Chirag Dilli,77.22399999999999,28.541999999999998,77.23,28.542,
9094,764 - Cluster,Chirag Dilli,Masjid Moth,77.23,28.541999999999998,77.236,28.54,
9095,764 - Cluster,Masjid Moth,Savitri Cinema,77.236,28.54,77.237,28.541,
9096,764 - Cluster,Savitri Cinema,O.S. Communication,77.237,28.541,77.235,28.54,
9097,764 - Cluster,O.S. Communication,Pumposh Enclave,77.235,28.54,77.243,28.543,
9098,764 - Cluster,Pumposh Enclave,Nehru Place Terminal,77.243,28.543000000000003,77.255,28.548,
9117,764Ext - Cluster,Sai Baba Mandir (Nazafgarh),Nangli Sakrawati,76.999,28.613000000000003,77.003,28.614,65.0
9118,764Ext - Cluster,Nangli Sakrawati,Nangli Sakrawati Crossing,77.003,28.614,77.007,28.616,
9119,764Ext - Cluster,Nangli Sakrawati Crossing,Arjun Park,77.007,28.616,77.012,28.618,
9120,764Ext - Cluster,Arjun Park,Nangli Dairy,77.012,28.618000000000002,77.017,28.62,
9121,764Ext - Cluster,Nangli Dairy,Kakrola Bridge,77.017,28.62,77.025,28.619,
9122,764Ext - Cluster,Kakrola Bridge,Kakrola More,77.025,28.619,77.029,28.619,
9123,764Ext - Cluster,Kakrola More,Kakrola Xing,77.029,28.619,77.031,28.619,
9124,764Ext - Cluster,Kakrola Xing,Suraj Vihar,77.031,28.619,77.033,28.613,
9125,764Ext - Cluster,Suraj Vihar,Netaji Subhash Institute Of Technology,77.033,28.613000000000003,77.035,28.607,
9126,764Ext - Cluster,Netaji Subhash Institute Of Technology,Dwarka Sec 13,77.035,28.607,77.036,28.605,
9127,764Ext - Cluster,Dwarka Sec 13,MRV School Sec 13 Dwarka,77.036,28.605,77.039,28.604,
9128,764Ext - Cluster,MRV School Sec 13 Dwarka,Dwarka Sec 13-3 Xing,77.039,28.604,77.041,28.602,
9129,764Ext - Cluster,Dwarka Sec 13-3 Xing,Dwarka Sec 3/4,77.041,28.601999999999997,77.042,28.602,
9130,764Ext - Cluster,Dwarka Sec 3/4,DPS Matiala,77.042,28.601999999999997,77.0466095,28.6048105,
9131,764Ext - Cluster,DPS Matiala,Matiyala Xing,77.0466095,28.6048105,77.052,28.605,
9132,764Ext - Cluster,Matiyala Xing,Raja Puri,77.05199999999999,28.605,77.054,28.604,
9133,764Ext - Cluster,Raja Puri,Madhu Vihar,77.054,28.604,77.061,28.6,
9134,764Ext - Cluster,Madhu Vihar,Dwarka Sector 2-6 X-ing,77.061,28.6,77.0643999863,28.5976205167,
9135,764Ext - Cluster,Dwarka Sector 2-6 X-ing,J M International School,77.0643999863,28.5976205167,77.069,28.595,
9136,764Ext - Cluster,J M International School,Dwarka Crossing/ Dwarka Sec 1,77.069,28.595,77.073,28.594,
9137,764Ext - Cluster,Dwarka Crossing/ Dwarka Sec 1,Health Centre,77.07300000000001,28.594,77.081,28.592,
9138,764Ext - Cluster,Health Centre,Palam Village / Mangla Puri,77.081,28.592,77.086,28.589,
9139,764Ext - Cluster,Palam Village / Mangla Puri,Dwarka Sec 1 Road No. 201,77.086,28.589000000000002,77.08,28.592,
9140,764Ext - Cluster,Dwarka Sec 1 Road No. 201,Palam Colony,77.08,28.592,77.123,28.564,
9141,764Ext - Cluster,Palam Colony,Prahladpur,77.123,28.564,77.294,28.5,
9142,764Ext - Cluster,Prahladpur,Indian Oil Station,77.294,28.5,77.108,28.577,
9143,764Ext - Cluster,Indian Oil Station,IOL,77.108,28.576999999999998,77.116,28.575,
9144,764Ext - Cluster,IOL,Radisson Hotel,77.116,28.575,77.119,28.543,
9145,764Ext - Cluster,Radisson Hotel,NHW 8,77.119,28.543000000000003,77.132,28.569,
9146,764Ext - Cluster,NHW 8,APS Colony,77.132,28.569000000000003,77.141397,28.5749009079,
9147,764Ext - Cluster,APS Colony,Arjun Path,77.141397,28.5749009079,77.147,28.575,
9148,764Ext - Cluster,Arjun Path,Subroto Park (Arjun Path),77.14699999999999,28.575,77.151,28.574,
9149,764Ext - Cluster,Subroto Park (Arjun Path),Vasant Village,77.15100000000001,28.574,77.16,28.574,
9150,764Ext - Cluster,Vasant Village,S.M. Temple,77.16,28.574,77.162,28.571,
9151,764Ext - Cluster,S.M. Temple,R K Puram Sec-5,77.16199999999999,28.570999999999998,77.167,28.563,
9152,764Ext - Cluster,R K Puram Sec-5,R K Puram Sec-5,77.167,28.563000000000002,77.169,28.561,
9153,764Ext - Cluster,R K Puram Sec-5,Vasant Vihar Depot,77.169,28.561,77.17,28.559,
9154,764Ext - Cluster,Vasant Vihar Depot,Munirka Family Planning,77.17,28.559,77.173,28.557,
9155,764Ext - Cluster,Munirka Family Planning,Munirka DDA Flat,77.173,28.557,77.178,28.554,
9156,764Ext - Cluster,Munirka DDA Flat,ISTM,77.178,28.554000000000002,77.181,28.552,
9157,764Ext - Cluster,ISTM,I.I.T. Hostel,77.181,28.552,77.184,28.551,
9158,764Ext - Cluster,I.I.T. Hostel,Jia Sarai,77.184,28.551,77.189,28.548,
9159,764Ext - Cluster,Jia Sarai,I.I.T. Gate,77.189,28.548000000000002,77.2,28.542,
9160,764Ext - Cluster,I.I.T. Gate,Hauz Khas Terminal,77.2,28.541999999999998,77.2021504,28.5431394,
9161,764Ext - Cluster,Hauz Khas Terminal,Panchsheel Club,77.20215040000001,28.543139399999998,77.205,28.543,
9162,764Ext - Cluster,Panchsheel Club,Sadhna Enclave,77.205,28.543000000000003,77.216,28.543,
9163,764Ext - Cluster,Sadhna Enclave,North Point (Nursing Home),77.21600000000001,28.543000000000003,77.218,28.542,
9164,764Ext - Cluster,North Point (Nursing Home),Swami Nagar,77.218,28.541999999999998,77.224,28.542,
9165,764Ext - Cluster,Swami Nagar,Chirag Dilli,77.22399999999999,28.541999999999998,77.23,28.542,
9166,764Ext - Cluster,Chirag Dilli,Masjid Moth,77.23,28.541999999999998,77.236,28.54,
9167,764Ext - Cluster,Masjid Moth,Savitri Cinema,77.236,28.54,77.237,28.541,
9168,764Ext - Cluster,Savitri Cinema,O.S. Communication,77.237,28.541,77.235,28.54,
9169,764Ext - Cluster,O.S. Communication,Pumposh Enclave,77.235,28.54,77.243,28.543,
9170,764Ext - Cluster,Pumposh Enclave,Nehru Place Terminal,77.243,28.543000000000003,77.255,28.548,
9171,764Ext - Cluster,Nehru Place Terminal,Kalkaji Mandir (MaaAnandmayeeMarg),77.255,28.548000000000002,77.263,28.547,
9172,764Ext - Cluster,Kalkaji Mandir (MaaAnandmayeeMarg),Govind Puri Metro Station,77.263,28.546999999999997,77.264,28.545,
9173,764Ext - Cluster,Govind Puri Metro Station,Kalkaji Depot,77.264,28.545,77.265,28.538,
9174,764Ext - Cluster,Kalkaji Depot,C. Lal Chowk,77.265,28.538,77.268394,28.534198,
9175,764Ext - Cluster,C. Lal Chowk,Crown Plaza,77.268394,28.534197999999996,77.2709331655,28.5294953443,
9176,764Ext - Cluster,Crown Plaza,Bank,77.2709331655,28.5294953443,77.273,28.525,
9177,764Ext - Cluster,Bank,Okhla Ph-I,77.273,28.525,77.278,28.518,
9178,764Ext - Cluster,Okhla Ph-I,ESI Hospital Okhla,77.278,28.518,77.2814289,28.5141318,
9179,764Ext - Cluster,ESI Hospital Okhla,Central Work Shop II Tehkhand,77.28142890000001,28.5141318,77.283734,28.516563,
9180,764Ext - Cluster,Central Work Shop II Tehkhand,Okhla Depot IV CWS II,77.283734,28.516563,77.284,28.518,
12015,921CL - Cluster,Old Delhi Railway Station,GPO,77.22399999999999,28.66,77.234,28.661,60.0
12016,921CL - Cluster,GPO,Guru Gobind Singh Indraprastha University (Kashmere Gate),77.234,28.660999999999998,77.234,28.664,
12017,921CL - Cluster,Guru Gobind Singh Indraprastha University (Kashmere Gate),ISBT / Kashmiri Gate,77.234,28.664,77.229,28.666,
12018,921CL - Cluster,ISBT / Kashmiri Gate,ISBT Kashmere Gate (Nityanand Marg),77.229,28.666,77.225,28.668,
12019,921CL - Cluster,ISBT Kashmere Gate (Nityanand Marg),Ludlow Castle,77.225,28.668000000000003,77.225,28.672,
12020,921CL - Cluster,Ludlow Castle,Civil Line Metro Station,77.225,28.671999999999997,77.224,28.676,
12021,921CL - Cluster,Civil Line Metro Station,I P College,77.22399999999999,28.676,77.223,28.68,
12022,921CL - Cluster,I P College,Old Secretariat,77.223,28.68,77.222,28.683,
12023,921CL - Cluster,Old Secretariat,Vidhan Sabha Metro Station,77.222,28.683000000000003,77.221,28.687,
12024,921CL - Cluster,Vidhan Sabha Metro Station,Khyber Pass,77.221,28.686999999999998,77.221,28.69,
12025,921CL - Cluster,Khyber Pass,Mall Road,77.221,28.69,77.218,28.693,
12026,921CL - Cluster,Mall Road,Vishwa Vidyalaya Metro Station,77.218,28.693,77.214,28.695,
12027,921CL - Cluster,Vishwa Vidyalaya Metro Station,I.N.S. Hostel,77.214,28.695,77.212,28.696,
12028,921CL - Cluster,I.N.S. Hostel,G.T.B. Nagar,77.212,28.695999999999998,77.2060021632,28.698215324,
12029,921CL - Cluster,G.T.B. Nagar,New Police Lines,77.2060021632,28.698215324,77.203,28.699,
12030,921CL - Cluster,New Police Lines,Alpna Cinema,77.203,28.699,77.1939532553,28.7026226127,
12031,921CL - Cluster,Alpna Cinema,Model Town II,77.1939532553,28.7026226127,77.19,28.704,
12032,921CL - Cluster,Model Town II,Model Town III,77.19,28.704,77.185,28.706,
12033,921CL - Cluster,Model Town III,Azadpur Metro station,77.185,28.706,77.18,28.707,
12034,921CL - Cluster,Azadpur Metro station,Azadpur Terminal,77.18,28.706999999999997,77.177743,28.708115,
12035,921CL - Cluster,Azadpur Terminal,Shalimar Bagh X-ing,77.177743,28.708115000000003,77.174,28.708,
12036,921CL - Cluster,Shalimar Bagh X-ing,Ashok Vihar X-ing,77.17399999999999,28.708000000000002,77.167248,28.702757,
12037,921CL - Cluster,Ashok Vihar X-ing,Shalimar Bagh Richi Rich,77.167248,28.702757000000002,77.161,28.7,
12038,921CL - Cluster,Shalimar Bagh Richi Rich,Prem Bari Pul,77.161,28.7,77.158,28.699,
12039,921CL - Cluster,Prem Bari Pul,Subhash Place Depot -Punjab Ke,77.158,28.699,77.155,28.696,
12040,921CL - Cluster,Subhash Place Depot -Punjab Ke,WazirpurDepotRoadNo41(SubhashPalaceMarket),77.155,28.695999999999998,77.151,28.693,
12041,921CL - Cluster,WazirpurDepotRoadNo41(SubhashPalaceMarket),Pitam Pura ND Block,77.15100000000001,28.693,77.146,28.695,
12042,921CL - Cluster,Pitam Pura ND Block,Kohat Enclave,77.146,28.695,77.142,28.697,
12043,921CL - Cluster,Kohat Enclave,Vaishali Enclave,77.142,28.697,77.137,28.699,
12044,921CL - Cluster,Vaishali Enclave,Pitam Pura J.D. Block,77.137,28.699,77.134,28.701,
12045,921CL - Cluster,Pitam Pura J.D. Block,PitampuraMetro Stn (MadhuvanChowk),77.134,28.701,77.132,28.702,
12046,921CL - Cluster,PitampuraMetro Stn (MadhuvanChowk),Madhuban Chowk,77.132,28.701999999999998,77.133,28.702,
12047,921CL - Cluster,Madhuban Chowk,Saraswati Vihar C-Block,77.133,28.701999999999998,77.125,28.7,
12048,921CL - Cluster,Saraswati Vihar C-Block,Deepali Chowk,77.125,28.7,77.12,28.698,
12049,921CL - Cluster,Deepali Chowk,Kali Mata Mandir,77.12,28.698,77.115,28.696,
12050,921CL - Cluster,Kali Mata Mandir,Puspanjali Enclave,77.115,28.695999999999998,77.111,28.695,
12051,921CL - Cluster,Puspanjali Enclave,Rohini Depot III,77.111,28.695,77.109,28.695,
12052,921CL - Cluster,Rohini Depot III,Mangol Pur School,77.109,28.695,77.104,28.694,
12053,921CL - Cluster,Mangol Pur School,Mangol Pur Kalan,77.104,28.694000000000003,77.101,28.695,
12054,921CL - Cluster,Mangol Pur Kalan,Avantika X-Ing,77.101,28.695,77.096,28.698,
12055,921CL - Cluster,Avantika X-Ing,Mangol Pur Khurd,77.096,28.698,77.093,28.7,
12056,921CL - Cluster,Mangol Pur Khurd,Mangol Puri Y-Block,77.093,28.7,77.088,28.703,
12057,921CL - Cluster,Mangol Puri Y-Block,Budh Vihar,77.08800000000001,28.703000000000003,77.0867515667,28.7046016116,
12058,921CL - Cluster,Budh Vihar,Krishna Vihar,77.0867515667,28.704601611599998,77.083,28.707,
12059,921CL - Cluster,Krishna Vihar,Brahm Shakti Hospital,77.083,28.706999999999997,77.08,28.712,
12060,921CL - Cluster,Brahm Shakti Hospital,Pooth Kalan,77.08,28.712,77.077,28.714,
12061,921CL - Cluster,Pooth Kalan,Rohini Sec-21,77.077,28.714000000000002,77.07,28.718,
12062,921CL - Cluster,Rohini Sec-21,Begumpur (Rohini),77.07,28.718000000000004,77.0624892181,28.723202783,
12063,921CL - Cluster,Begumpur (Rohini),Rajeev Nagar,77.0624892181,28.723202783,77.059,28.724,
12064,921CL - Cluster,Rajeev Nagar,Karala Pathsala Jain Mandir,77.059,28.724,77.053,28.726,
12065,921CL - Cluster,Karala Pathsala Jain Mandir,Sukhbir Nagar,77.053,28.726,77.048,28.727,
12066,921CL - Cluster,Sukhbir Nagar,Rama Vihar,77.048,28.726999999999997,77.045,28.728,
12067,921CL - Cluster,Rama Vihar,Karala School,77.045,28.728,77.04,28.73,
12068,921CL - Cluster,Karala School,Karala Village,77.04,28.73,77.037,28.731,
12069,921CL - Cluster,Karala Village,Karala Village,77.03699999999999,28.730999999999998,77.032,28.731,
12070,921CL - Cluster,Karala Village,Shaheed Bhagat Singh Nagar,77.032,28.730999999999998,77.029,28.724,
12071,921CL - Cluster,Shaheed Bhagat Singh Nagar,Madan Pur Dabas,77.029,28.724,77.028,28.716,
12072,921CL - Cluster,Madan Pur Dabas,Mubarakpur Xing,77.028,28.715999999999998,77.028,28.712,
12073,921CL - Cluster,Mubarakpur Xing,Rani Khera,77.028,28.712,77.027,28.704,
12074,921E - Cluster,Old Delhi Railway Station,GPO,77.22399999999999,28.66,77.234,28.661,63.0
12075,921E - Cluster,GPO,Guru Gobind Singh Indraprastha University (Kashmere Gate),77.234,28.660999999999998,77.234,28.664,
12076,921E - Cluster,Guru Gobind Singh Indraprastha University (Kashmere Gate),ISBT / Kashmiri Gate,77.234,28.664,77.229,28.666,
12077,921E - Cluster,ISBT / Kashmiri Gate,ISBT Kashmere Gate (Nityanand Marg),77.229,28.666,77.225,28.668,
12078,921E - Cluster,ISBT Kashmere Gate (Nityanand Marg),Ludlow Castle,77.225,28.668000000000003,77.225,28.672,
12079,921E - Cluster,Ludlow Castle,Civil Line Metro Station,77.225,28.671999999999997,77.224,28.678,
12080,921E - Cluster,Civil Line Metro Station,I P College,77.22399999999999,28.678,77.223,28.68,
12081,921E - Cluster,I P College,Old Secretariat,77.223,28.68,77.222,28.683,
12082,921E - Cluster,Old Secretariat,Vidhan Sabha Metro Station,77.222,28.683000000000003,77.221,28.687,
12083,921E - Cluster,Vidhan Sabha Metro Station,Khyber Pass,77.221,28.686999999999998,77.221,28.69,
12084,921E - Cluster,Khyber Pass,Mall Road,77.221,28.69,77.218,28.693,
12085,921E - Cluster,Mall Road,Vishwa Vidyalaya Metro Station,77.218,28.693,77.214,28.695,
12086,921E - Cluster,Vishwa Vidyalaya Metro Station,I.N.S. Hostel,77.214,28.695,77.212,28.696,
12087,921E - Cluster,I.N.S. Hostel,G.T.B. Nagar,77.212,28.695999999999998,77.2060021632,28.698215324,
12088,921E - Cluster,G.T.B. Nagar,New Police Lines,77.2060021632,28.698215324,77.203,28.699,
12089,921E - Cluster,New Police Lines,Alpna Cinema,77.203,28.699,77.1939532553,28.7026226127,
12090,921E - Cluster,Alpna Cinema,Model Town II,77.1939532553,28.7026226127,77.19,28.704,
12091,921E - Cluster,Model Town II,Model Town III,77.19,28.704,77.185,28.706,
12092,921E - Cluster,Model Town III,Azadpur Metro station,77.185,28.706,77.18,28.707,
12093,921E - Cluster,Azadpur Metro station,Azadpur Terminal,77.18,28.706999999999997,77.177743,28.708115,
12094,921E - Cluster,Azadpur Terminal,Shalimar Bagh (Ring Road),77.177743,28.708115000000003,77.168,28.703,
12095,921E - Cluster,Shalimar Bagh (Ring Road),Ashok Vihar X-ing,77.168,28.703000000000003,77.167248,28.702757,
12096,921E - Cluster,Ashok Vihar X-ing,Shalimar Bagh Richi Rich,77.167248,28.702757000000002,77.161,28.7,
12097,921E - Cluster,Shalimar Bagh Richi Rich,Prem Bari Pul,77.161,28.7,77.158,28.699,
12098,921E - Cluster,Prem Bari Pul,Subhash Place Depot -Punjab Ke,77.158,28.699,77.155,28.696,
12099,921E - Cluster,Subhash Place Depot -Punjab Ke,WazirpurDepotRoadNo41(SubhashPalaceMarket),77.155,28.695999999999998,77.151,28.693,
12100,921E - Cluster,WazirpurDepotRoadNo41(SubhashPalaceMarket),Pitampura ND Block,77.15100000000001,28.693,77.145,28.695,
12101,921E - Cluster,Pitampura ND Block,Kohat Enclave,77.145,28.695,77.142,28.697,
12102,921E - Cluster,Kohat Enclave,Vaishali Enclave,77.142,28.697,77.137,28.699,
12103,921E - Cluster,Vaishali Enclave,Pitam Pura J.D. Block,77.137,28.699,77.134,28.701,
12104,921E - Cluster,Pitam Pura J.D. Block,PitampuraMetro Stn (MadhuvanChowk),77.134,28.701,77.132,28.702,
12105,921E - Cluster,PitampuraMetro Stn (MadhuvanChowk),Madhuban Chowk,77.132,28.701999999999998,77.133,28.702,
12106,921E - Cluster,Madhuban Chowk,Saraswati Vihar C-Block,77.133,28.701999999999998,77.125,28.7,
12107,921E - Cluster,Saraswati Vihar C-Block,Deepali Chowk,77.125,28.7,77.12,28.698,
12108,921E - Cluster,Deepali Chowk,Kali Mata Mandir,77.12,28.698,77.115,28.696,
12109,921E - Cluster,Kali Mata Mandir,Puspanjali Enclave,77.115,28.695999999999998,77.111,28.695,
12110,921E - Cluster,Puspanjali Enclave,Rohini Depot III,77.111,28.695,77.109,28.695,
12111,921E - Cluster,Rohini Depot III,Mangol Pur School,77.109,28.695,77.104,28.694,
12112,921E - Cluster,Mangol Pur School,Mangol Pur Kalan,77.104,28.694000000000003,77.101,28.695,
12113,921E - Cluster,Mangol Pur Kalan,Avantika X-Ing,77.101,28.695,77.096,28.698,
12114,921E - Cluster,Avantika X-Ing,Mangol Pur Khurd,77.096,28.698,77.093,28.7,
12115,921E - Cluster,Mangol Pur Khurd,Mangol Puri Y-Block,77.093,28.7,77.088,28.703,
12116,921E - Cluster,Mangol Puri Y-Block,Budh Vihar,77.08800000000001,28.703000000000003,77.0867515667,28.7046016116,
12117,921E - Cluster,Budh Vihar,Krishna Vihar,77.0867515667,28.704601611599998,77.083,28.707,
12118,921E - Cluster,Krishna Vihar,Brahm Shakti Hospital,77.083,28.706999999999997,77.08,28.712,
12119,921E - Cluster,Brahm Shakti Hospital,Pooth Kalan,77.08,28.712,77.077,28.714,
12120,921E - Cluster,Pooth Kalan,Rohini Sec-21,77.077,28.714000000000002,77.069,28.718,
12121,921E - Cluster,Rohini Sec-21,Begumpur (Rohini),77.069,28.718000000000004,77.0624892181,28.723202783,
12122,921E - Cluster,Begumpur (Rohini),Rajiv Nagar,77.0624892181,28.723202783,77.058,28.724,
12123,921E - Cluster,Rajiv Nagar,Karala Pathsala Jain Mandir,77.058,28.724,77.053,28.726,
12124,921E - Cluster,Karala Pathsala Jain Mandir,Sukhbir Nagar,77.053,28.726,77.048,28.727,
12125,921E - Cluster,Sukhbir Nagar,Rama Vihar,77.048,28.726999999999997,77.045,28.728,
12126,921E - Cluster,Rama Vihar,Karala School,77.045,28.728,77.04,28.73,
12127,921E - Cluster,Karala School,Karala Village,77.04,28.73,77.032,28.731,
12128,921E - Cluster,Karala Village,Karala Crossing,77.032,28.730999999999998,77.031,28.731,
12129,921E - Cluster,Karala Crossing,DesuOffice(NDPL),77.031,28.730999999999998,77.028,28.732,
12130,921E - Cluster,DesuOffice(NDPL),Shiv Vihar Bheem Chowk,77.028,28.732,77.025,28.733,
12131,921E - Cluster,Shiv Vihar Bheem Chowk,Radha Swami Satsang,77.025,28.733,77.02,28.733,
12132,921E - Cluster,Radha Swami Satsang,Shivam Plywood,77.02,28.733,77.014,28.734,
12133,921E - Cluster,Shivam Plywood,Kanjhawla,77.014,28.734,77.007,28.737,
12134,921E - Cluster,Kanjhawla,Kanjhawla Village,77.007,28.737,77.005,28.734,
12135,921E - Cluster,Kanjhawla Village,Kanjhawla Depot,77.005,28.734,77.003,28.726,
